<?xml version="1.0" encoding="UTF-8"?>

<FLOW VERSION="3.0" CLEANUP="true">
  <COMMENT>mapping  taskinfo</COMMENT>

  <!-- nodes -->

<MAP TIMEOUT="" MODE="STANDALONE">
  <COMMENT>mapping  taskinfo</COMMENT>
  <MAPTARGET>

<Values version="2.0">
  <record name="xml" javaclass="com.wm.util.Values">
    <value name="node_type">record</value>
    <value name="node_subtype">unknown</value>
    <value name="is_public">false</value>
    <value name="field_type">record</value>
    <value name="field_dim">0</value>
    <value name="nillable">true</value>
    <value name="form_qualified">false</value>
    <value name="is_global">false</value>
    <array name="rec_fields" type="record" depth="1">
      <record javaclass="com.wm.util.Values">
        <value name="node_type">field</value>
        <value name="node_subtype">unknown</value>
        <value name="node_comment"></value>
        <record name="node_hints" javaclass="com.wm.util.Values">
          <value name="field_usereditable">true</value>
          <value name="field_largerEditor">false</value>
          <value name="field_password">false</value>
        </record>
        <value name="is_public">false</value>
        <value name="field_name">user</value>
        <value name="field_type">string</value>
        <value name="field_dim">0</value>
        <value name="field_opt">true</value>
        <array name="field_options" type="value" depth="1">
        </array>
        <value name="nillable">true</value>
        <value name="form_qualified">false</value>
        <value name="is_global">false</value>
      </record>
      <record javaclass="com.wm.util.Values">
        <value name="node_type">field</value>
        <value name="node_subtype">unknown</value>
        <value name="node_comment"></value>
        <record name="node_hints" javaclass="com.wm.util.Values">
          <value name="field_usereditable">true</value>
          <value name="field_largerEditor">false</value>
          <value name="field_password">false</value>
        </record>
        <value name="is_public">false</value>
        <value name="field_name">taskId</value>
        <value name="field_type">string</value>
        <value name="field_dim">0</value>
        <array name="field_options" type="value" depth="1">
        </array>
        <value name="nillable">true</value>
        <value name="form_qualified">false</value>
        <value name="is_global">false</value>
      </record>
      <record javaclass="com.wm.util.Values">
        <value name="node_type">record</value>
        <value name="node_subtype">unknown</value>
        <value name="node_comment"></value>
        <record name="node_hints" javaclass="com.wm.util.Values">
          <value name="field_usereditable">false</value>
          <value name="field_largerEditor">false</value>
          <value name="field_password">false</value>
        </record>
        <value name="is_public">false</value>
        <value name="field_name">taskStatus</value>
        <value name="field_type">string</value>
        <value name="field_dim">0</value>
        <array name="field_options" type="value" depth="1">
          <value>active</value>
          <value>completed</value>
        </array>
        <value name="nillable">true</value>
        <value name="form_qualified">false</value>
        <value name="is_global">false</value>
      </record>
      <record javaclass="com.wm.util.Values">
        <value name="node_type">record</value>
        <value name="node_subtype">unknown</value>
        <value name="node_comment"></value>
        <record name="node_hints" javaclass="com.wm.util.Values">
          <value name="field_largerEditor">false</value>
          <value name="field_password">false</value>
        </record>
        <value name="is_public">false</value>
        <value name="field_name">TaskInfo</value>
        <value name="field_type">recref</value>
        <value name="field_dim">0</value>
        <value name="field_opt">true</value>
        <value name="wrapper_type">IData</value>
        <value name="nillable">true</value>
        <value name="form_qualified">false</value>
        <value name="is_global">false</value>
        <value name="modifiable">true</value>
        <value name="rec_ref">pub.task:TaskInfo</value>
      </record>
      <record javaclass="com.wm.util.Values">
        <value name="node_type">record</value>
        <value name="node_subtype">unknown</value>
        <value name="node_comment"></value>
        <record name="node_hints" javaclass="com.wm.util.Values">
          <value name="field_largerEditor">false</value>
          <value name="field_password">false</value>
        </record>
        <value name="is_public">false</value>
        <value name="field_name">TaskData</value>
        <value name="field_type">record</value>
        <value name="field_dim">0</value>
        <value name="field_opt">true</value>
        <value name="wrapper_type">IData</value>
        <value name="nillable">true</value>
        <value name="form_qualified">false</value>
        <value name="is_global">false</value>
        <array name="rec_fields" type="record" depth="1">
        </array>
        <value name="modifiable">true</value>
      </record>
    </array>
    <value name="modifiable">true</value>
  </record>
</Values>
</MAPTARGET>
  <MAPSOURCE>

<Values version="2.0">
  <record name="xml" javaclass="com.wm.util.Values">
    <value name="node_type">record</value>
    <value name="node_subtype">unknown</value>
    <value name="is_public">false</value>
    <value name="field_type">record</value>
    <value name="field_dim">0</value>
    <value name="nillable">true</value>
    <value name="form_qualified">false</value>
    <value name="is_global">false</value>
    <array name="rec_fields" type="record" depth="1">
      <record javaclass="com.wm.util.Values">
        <value name="node_type">field</value>
        <value name="node_subtype">unknown</value>
        <value name="node_comment"></value>
        <record name="node_hints" javaclass="com.wm.util.Values">
          <value name="field_usereditable">true</value>
          <value name="field_largerEditor">false</value>
          <value name="field_password">false</value>
        </record>
        <value name="is_public">false</value>
        <value name="field_name">user</value>
        <value name="field_type">string</value>
        <value name="field_dim">0</value>
        <value name="field_opt">true</value>
        <array name="field_options" type="value" depth="1">
        </array>
        <value name="nillable">true</value>
        <value name="form_qualified">false</value>
        <value name="is_global">false</value>
      </record>
      <record javaclass="com.wm.util.Values">
        <value name="node_type">field</value>
        <value name="node_subtype">unknown</value>
        <value name="node_comment"></value>
        <record name="node_hints" javaclass="com.wm.util.Values">
          <value name="field_usereditable">true</value>
          <value name="field_largerEditor">false</value>
          <value name="field_password">false</value>
        </record>
        <value name="is_public">false</value>
        <value name="field_name">taskId</value>
        <value name="field_type">string</value>
        <value name="field_dim">0</value>
        <array name="field_options" type="value" depth="1">
        </array>
        <value name="nillable">true</value>
        <value name="form_qualified">false</value>
        <value name="is_global">false</value>
      </record>
      <record javaclass="com.wm.util.Values">
        <value name="node_type">record</value>
        <value name="node_subtype">unknown</value>
        <value name="node_comment"></value>
        <record name="node_hints" javaclass="com.wm.util.Values">
          <value name="field_usereditable">false</value>
          <value name="field_largerEditor">false</value>
          <value name="field_password">false</value>
        </record>
        <value name="is_public">false</value>
        <value name="field_name">taskStatus</value>
        <value name="field_type">string</value>
        <value name="field_dim">0</value>
        <array name="field_options" type="value" depth="1">
          <value>active</value>
          <value>completed</value>
        </array>
        <value name="nillable">true</value>
        <value name="form_qualified">false</value>
        <value name="is_global">false</value>
      </record>
      <record javaclass="com.wm.util.Values">
        <value name="node_type">record</value>
        <value name="node_subtype">unknown</value>
        <value name="node_comment"></value>
        <record name="node_hints" javaclass="com.wm.util.Values">
          <value name="field_largerEditor">false</value>
          <value name="field_password">false</value>
        </record>
        <value name="is_public">false</value>
        <value name="field_name">TaskInfo</value>
        <value name="field_type">recref</value>
        <value name="field_dim">0</value>
        <value name="field_opt">true</value>
        <value name="wrapper_type">IData</value>
        <value name="nillable">true</value>
        <value name="form_qualified">false</value>
        <value name="is_global">false</value>
        <value name="modifiable">true</value>
        <value name="rec_ref">pub.task:TaskInfo</value>
      </record>
      <record javaclass="com.wm.util.Values">
        <value name="node_type">record</value>
        <value name="node_subtype">unknown</value>
        <value name="node_comment"></value>
        <record name="node_hints" javaclass="com.wm.util.Values">
          <value name="field_largerEditor">false</value>
          <value name="field_password">false</value>
        </record>
        <value name="is_public">false</value>
        <value name="field_name">TaskData</value>
        <value name="field_type">record</value>
        <value name="field_dim">0</value>
        <value name="field_opt">true</value>
        <value name="wrapper_type">IData</value>
        <value name="nillable">true</value>
        <value name="form_qualified">false</value>
        <value name="is_global">false</value>
        <array name="rec_fields" type="record" depth="1">
        </array>
        <value name="modifiable">true</value>
      </record>
    </array>
    <value name="modifiable">true</value>
  </record>
</Values>
</MAPSOURCE>

  <!-- nodes -->

<MAPCOPY FROM="/TaskInfo;4;0;pub.task:TaskInfo/name;1;0" TO="/TaskInfo;4;0;pub.task:TaskInfo/name;1;0">
</MAPCOPY>

<MAPCOPY FROM="/TaskInfo;4;0;pub.task:TaskInfo/description;1;0" TO="/TaskInfo;4;0;pub.task:TaskInfo/description;1;0">
</MAPCOPY>

<MAPCOPY FROM="/TaskInfo;4;0;pub.task:TaskInfo/expireDate;3.9;0" TO="/TaskInfo;4;0;pub.task:TaskInfo/expireDate;3.9;0">
</MAPCOPY>

<MAPCOPY FROM="/TaskInfo;4;0;pub.task:TaskInfo/createdDate;3.9;0" TO="/TaskInfo;4;0;pub.task:TaskInfo/createdDate;3.9;0">
</MAPCOPY>

<MAPCOPY FROM="/TaskInfo;4;0;pub.task:TaskInfo/lastModifiedDate;3.9;0" TO="/TaskInfo;4;0;pub.task:TaskInfo/lastModifiedDate;3.9;0">
</MAPCOPY>

<MAPCOPY FROM="/TaskInfo;4;0;pub.task:TaskInfo/lastAcceptedDate;3.9;0" TO="/TaskInfo;4;0;pub.task:TaskInfo/lastAcceptedDate;3.9;0">
</MAPCOPY>

<MAPCOPY FROM="/TaskInfo;4;0;pub.task:TaskInfo/taskID;1;0" TO="/TaskInfo;4;0;pub.task:TaskInfo/taskID;1;0">
</MAPCOPY>

<MAPCOPY FROM="/TaskInfo;4;0;pub.task:TaskInfo/customTaskID;1;0" TO="/TaskInfo;4;0;pub.task:TaskInfo/customTaskID;1;0">
</MAPCOPY>

<MAPCOPY FROM="/TaskInfo;4;0;pub.task:TaskInfo/createdBy;1;0" TO="/TaskInfo;4;0;pub.task:TaskInfo/createdBy;1;0">
</MAPCOPY>

<MAPCOPY FROM="/TaskInfo;4;0;pub.task:TaskInfo/lastModifiedBy;1;0" TO="/TaskInfo;4;0;pub.task:TaskInfo/lastModifiedBy;1;0">
</MAPCOPY>

<MAPCOPY FROM="/taskStatus;1;0" TO="/TaskInfo;4;0;pub.task:TaskInfo/status;1;0">
</MAPCOPY>

<MAPCOPY FROM="/TaskInfo;4;0;pub.task:TaskInfo/priority;1;0" TO="/TaskInfo;4;0;pub.task:TaskInfo/priority;1;0">
</MAPCOPY>

<MAPCOPY FROM="/TaskInfo;4;0;pub.task:TaskInfo/acceptedByList;1;1" TO="/TaskInfo;4;0;pub.task:TaskInfo/acceptedByList;1;1">
</MAPCOPY>

<MAPCOPY FROM="/TaskInfo;4;0;pub.task:TaskInfo/assignedToList;1;1" TO="/TaskInfo;4;0;pub.task:TaskInfo/assignedToList;1;1">
</MAPCOPY>

<MAPCOPY FROM="/TaskInfo;4;0;pub.task:TaskInfo/errorCode;1;0" TO="/TaskInfo;4;0;pub.task:TaskInfo/errorCode;1;0">
</MAPCOPY>

<MAPCOPY FROM="/TaskInfo;4;0;pub.task:TaskInfo/errorMessage;1;0" TO="/TaskInfo;4;0;pub.task:TaskInfo/errorMessage;1;0">
</MAPCOPY>

<MAPCOPY FROM="/TaskInfo;4;0;pub.task:TaskInfo/taskUrl;1;0" TO="/TaskInfo;4;0;pub.task:TaskInfo/taskUrl;1;0">
</MAPCOPY>

<MAPCOPY FROM="/TaskInfo;4;0;pub.task:TaskInfo/taskTypeID;1;0" TO="/TaskInfo;4;0;pub.task:TaskInfo/taskTypeID;1;0">
</MAPCOPY>

<MAPCOPY FROM="/TaskInfo;4;0;pub.task:TaskInfo/taskVersionNumber;3.6;0" TO="/TaskInfo;4;0;pub.task:TaskInfo/taskVersionNumber;3.6;0">
</MAPCOPY>

<MAPCOPY FROM="/TaskInfo;4;0;pub.task:TaskInfo/processInstanceID;1;0" TO="/TaskInfo;4;0;pub.task:TaskInfo/processInstanceID;1;0">
</MAPCOPY>

<MAPCOPY FROM="/TaskInfo;4;0;pub.task:TaskInfo/processModelID;1;0" TO="/TaskInfo;4;0;pub.task:TaskInfo/processModelID;1;0">
</MAPCOPY>

<MAPCOPY FROM="/TaskInfo;4;0;pub.task:TaskInfo/processModelVersion;1;0" TO="/TaskInfo;4;0;pub.task:TaskInfo/processModelVersion;1;0">
</MAPCOPY>

<MAPCOPY FROM="/TaskInfo;4;0;pub.task:TaskInfo/stepID;1;0" TO="/TaskInfo;4;0;pub.task:TaskInfo/stepID;1;0">
</MAPCOPY>

<MAPCOPY FROM="/TaskInfo;4;0;pub.task:TaskInfo/processIteration;1;0" TO="/TaskInfo;4;0;pub.task:TaskInfo/processIteration;1;0">
</MAPCOPY>

<MAPCOPY FROM="/TaskInfo;4;0;pub.task:TaskInfo/stepIteration;1;0" TO="/TaskInfo;4;0;pub.task:TaskInfo/stepIteration;1;0">
</MAPCOPY>

<MAPCOPY FROM="/TaskInfo;4;0;pub.task:TaskInfo/auditContext;1;0" TO="/TaskInfo;4;0;pub.task:TaskInfo/auditContext;1;0">
</MAPCOPY>

<MAPCOPY FROM="/TaskInfo;4;0;pub.task:TaskInfo/parentTaskID;1;0" TO="/TaskInfo;4;0;pub.task:TaskInfo/parentTaskID;1;0">
</MAPCOPY>

<MAPCOPY FROM="/TaskInfo;4;0;pub.task:TaskInfo/collaborationProcessID;1;0" TO="/TaskInfo;4;0;pub.task:TaskInfo/collaborationProcessID;1;0">
</MAPCOPY>

<MAPCOPY FROM="/TaskInfo;4;0;pub.task:TaskInfo/collaborationStepID;1;0" TO="/TaskInfo;4;0;pub.task:TaskInfo/collaborationStepID;1;0">
</MAPCOPY>

<MAPCOPY FROM="/TaskInfo;4;0;pub.task:TaskInfo/delegatedToList;1;1" TO="/TaskInfo;4;0;pub.task:TaskInfo/delegatedToList;1;1">
</MAPCOPY>

<MAPCOPY FROM="/TaskInfo;4;0;pub.task:TaskInfo/delegatedFromList;1;1" TO="/TaskInfo;4;0;pub.task:TaskInfo/delegatedFromList;1;1">
</MAPCOPY>

<MAPCOPY FROM="/TaskInfo;4;0;pub.task:TaskInfo/isMandatory;3.6;0" TO="/TaskInfo;4;0;pub.task:TaskInfo/isMandatory;3.6;0">
</MAPCOPY>

<MAPCOPY FROM="/TaskInfo;4;0;pub.task:TaskInfo/taskScheduleDate;3.9;0" TO="/TaskInfo;4;0;pub.task:TaskInfo/taskScheduleDate;3.9;0">
</MAPCOPY>
</MAP>

<INVOKE TIMEOUT="" SERVICE="pub.task.taskclient:updateTask" VALIDATE-IN="$none" VALIDATE-OUT="$none">
  <COMMENT></COMMENT>

  <!-- nodes -->

<MAP MODE="INPUT">
  <MAPTARGET>

<Values version="2.0">
  <record name="xml" javaclass="com.wm.util.Values">
    <value name="node_type">record</value>
    <value name="node_subtype">unknown</value>
    <value name="is_public">false</value>
    <value name="field_name">updateTaskInput</value>
    <value name="field_type">record</value>
    <value name="field_dim">0</value>
    <value name="nillable">true</value>
    <value name="form_qualified">false</value>
    <value name="is_global">false</value>
    <array name="rec_fields" type="record" depth="1">
      <record javaclass="com.wm.util.Values">
        <value name="node_type">field</value>
        <value name="node_subtype">unknown</value>
        <value name="is_public">false</value>
        <value name="field_name">user</value>
        <value name="field_type">string</value>
        <value name="field_dim">0</value>
        <value name="field_opt">true</value>
        <value name="nillable">true</value>
        <value name="form_qualified">false</value>
        <value name="is_global">false</value>
      </record>
      <record javaclass="com.wm.util.Values">
        <value name="node_type">field</value>
        <value name="node_subtype">unknown</value>
        <value name="is_public">false</value>
        <value name="field_name">taskID</value>
        <value name="field_type">string</value>
        <value name="field_dim">0</value>
        <value name="nillable">true</value>
        <value name="form_qualified">false</value>
        <value name="is_global">false</value>
      </record>
      <record javaclass="com.wm.util.Values">
        <value name="node_type">record</value>
        <value name="node_subtype">unknown</value>
        <value name="is_public">false</value>
        <value name="field_name">TaskInfo</value>
        <value name="field_type">recref</value>
        <value name="field_dim">0</value>
        <value name="field_opt">true</value>
        <value name="nillable">true</value>
        <value name="form_qualified">false</value>
        <value name="is_global">false</value>
        <value name="modifiable">true</value>
        <value name="rec_ref">pub.task:TaskInfo</value>
      </record>
      <record javaclass="com.wm.util.Values">
        <value name="node_type">record</value>
        <value name="node_subtype">unknown</value>
        <value name="is_public">false</value>
        <value name="field_name">TaskData</value>
        <value name="field_type">record</value>
        <value name="field_dim">0</value>
        <value name="field_opt">true</value>
        <value name="nillable">true</value>
        <value name="form_qualified">false</value>
        <value name="is_global">false</value>
        <array name="rec_fields" type="record" depth="1">
        </array>
        <value name="modifiable">true</value>
      </record>
      <record javaclass="com.wm.util.Values">
        <value name="node_type">field</value>
        <value name="node_subtype">unknown</value>
        <value name="is_public">false</value>
        <value name="field_name">retryOnFailureCount</value>
        <value name="field_type">string</value>
        <value name="field_dim">0</value>
        <value name="field_opt">true</value>
        <value name="nillable">true</value>
        <value name="form_qualified">false</value>
        <value name="is_global">false</value>
      </record>
      <record javaclass="com.wm.util.Values">
        <value name="node_type">field</value>
        <value name="node_subtype">unknown</value>
        <value name="is_public">false</value>
        <value name="field_name">retryDelay</value>
        <value name="field_type">string</value>
        <value name="field_dim">0</value>
        <value name="field_opt">true</value>
        <value name="nillable">true</value>
        <value name="form_qualified">false</value>
        <value name="is_global">false</value>
      </record>
    </array>
    <value name="modifiable">true</value>
  </record>
</Values>
</MAPTARGET>
  <MAPSOURCE>

<Values version="2.0">
  <record name="xml" javaclass="com.wm.util.Values">
    <value name="node_type">record</value>
    <value name="node_subtype">unknown</value>
    <value name="is_public">false</value>
    <value name="field_type">record</value>
    <value name="field_dim">0</value>
    <value name="nillable">true</value>
    <value name="form_qualified">false</value>
    <value name="is_global">false</value>
    <array name="rec_fields" type="record" depth="1">
      <record javaclass="com.wm.util.Values">
        <value name="node_type">field</value>
        <value name="node_subtype">unknown</value>
        <value name="node_comment"></value>
        <record name="node_hints" javaclass="com.wm.util.Values">
          <value name="field_usereditable">true</value>
          <value name="field_largerEditor">false</value>
          <value name="field_password">false</value>
        </record>
        <value name="is_public">false</value>
        <value name="field_name">user</value>
        <value name="field_type">string</value>
        <value name="field_dim">0</value>
        <value name="field_opt">true</value>
        <array name="field_options" type="value" depth="1">
        </array>
        <value name="nillable">true</value>
        <value name="form_qualified">false</value>
        <value name="is_global">false</value>
      </record>
      <record javaclass="com.wm.util.Values">
        <value name="node_type">field</value>
        <value name="node_subtype">unknown</value>
        <value name="node_comment"></value>
        <record name="node_hints" javaclass="com.wm.util.Values">
          <value name="field_usereditable">true</value>
          <value name="field_largerEditor">false</value>
          <value name="field_password">false</value>
        </record>
        <value name="is_public">false</value>
        <value name="field_name">taskId</value>
        <value name="field_type">string</value>
        <value name="field_dim">0</value>
        <array name="field_options" type="value" depth="1">
        </array>
        <value name="nillable">true</value>
        <value name="form_qualified">false</value>
        <value name="is_global">false</value>
      </record>
      <record javaclass="com.wm.util.Values">
        <value name="node_type">record</value>
        <value name="node_subtype">unknown</value>
        <value name="node_comment"></value>
        <record name="node_hints" javaclass="com.wm.util.Values">
          <value name="field_usereditable">false</value>
          <value name="field_largerEditor">false</value>
          <value name="field_password">false</value>
        </record>
        <value name="is_public">false</value>
        <value name="field_name">taskStatus</value>
        <value name="field_type">string</value>
        <value name="field_dim">0</value>
        <array name="field_options" type="value" depth="1">
          <value>active</value>
          <value>completed</value>
        </array>
        <value name="nillable">true</value>
        <value name="form_qualified">false</value>
        <value name="is_global">false</value>
      </record>
      <record javaclass="com.wm.util.Values">
        <value name="node_type">record</value>
        <value name="node_subtype">unknown</value>
        <value name="node_comment"></value>
        <record name="node_hints" javaclass="com.wm.util.Values">
          <value name="field_largerEditor">false</value>
          <value name="field_password">false</value>
        </record>
        <value name="is_public">false</value>
        <value name="field_name">TaskInfo</value>
        <value name="field_type">recref</value>
        <value name="field_dim">0</value>
        <value name="field_opt">true</value>
        <value name="wrapper_type">IData</value>
        <value name="nillable">true</value>
        <value name="form_qualified">false</value>
        <value name="is_global">false</value>
        <value name="modifiable">true</value>
        <value name="rec_ref">pub.task:TaskInfo</value>
      </record>
      <record javaclass="com.wm.util.Values">
        <value name="node_type">record</value>
        <value name="node_subtype">unknown</value>
        <value name="node_comment"></value>
        <record name="node_hints" javaclass="com.wm.util.Values">
          <value name="field_largerEditor">false</value>
          <value name="field_password">false</value>
        </record>
        <value name="is_public">false</value>
        <value name="field_name">TaskData</value>
        <value name="field_type">record</value>
        <value name="field_dim">0</value>
        <value name="field_opt">true</value>
        <value name="wrapper_type">IData</value>
        <value name="nillable">true</value>
        <value name="form_qualified">false</value>
        <value name="is_global">false</value>
        <array name="rec_fields" type="record" depth="1">
        </array>
        <value name="modifiable">true</value>
      </record>
    </array>
    <value name="modifiable">true</value>
  </record>
</Values>
</MAPSOURCE>

  <!-- nodes -->

<MAPCOPY FROM="/taskId;1;0" TO="/taskID;1;0">
</MAPCOPY>
</MAP>
</INVOKE>
</FLOW>
